<?xml version="1.0" encoding="UTF-8"?>
<PeakList>
  <PeakList1D>
    <PeakList1DHeader creator="nmr" date="2025-02-19T13:01:17.192-07:00" expNo="10" name="2025_02_19_AcAc_ACN_Bruker500" owner="" procNo="1" source="D:/AutomationData/data/nmr/nmr">
      <PeakPickDetails>F1=20.847830ppm, F2=-8.555113ppm, MI=0.10cm, MAXI=10000.00cm, PC=1.000
      </PeakPickDetails>
    </PeakList1DHeader>
    <Peak1D F1="15.593423" intensity="6.878288e-01" type="0"/>
    <Peak1D F1="5.607531" intensity="3.958488e+00" type="0"/>
    <Peak1D F1="3.593595" intensity="4.130929e+00" type="0"/>
    <Peak1D F1="2.162548" intensity="1.124721e-01" type="0"/>
    <Peak1D F1="2.158232" intensity="1.530784e-01" type="0"/>
    <Peak1D F1="2.139439" intensity="1.500000e+01" type="0"/>
    <Peak1D F1="2.124273" intensity="1.834780e-01" type="0"/>
    <Peak1D F1="2.033212" intensity="1.108421e-01" type="0"/>
    <Peak1D F1="2.014210" intensity="2.425237e+01" type="0"/>
    <Peak1D F1="1.998921" intensity="2.513674e-01" type="0"/>
    <Peak1D F1="1.989275" intensity="1.159987e-01" type="0"/>
    <Peak1D F1="1.983634" intensity="1.021974e-01" type="0"/>
    <Peak1D F1="1.949399" intensity="3.919858e-01" type="0"/>
    <Peak1D F1="1.944529" intensity="7.430678e-01" type="0"/>
    <Peak1D F1="1.939645" intensity="1.017526e+00" type="0"/>
    <Peak1D F1="1.934750" intensity="6.988300e-01" type="0"/>
    <Peak1D F1="1.929888" intensity="3.542926e-01" type="0"/>
    <Peak1D F1="1.884581" intensity="1.393446e-01" type="0"/>
    <Peak1D F1="-0.000220" intensity="6.668373e-01" type="0"/>
  </PeakList1D>
</PeakList>
