<?xml version="1.0" encoding="UTF-8"?>
<PeakList>
  <PeakList1D>
    <PeakList1DHeader creator="nmr" date="2025-02-19T14:16:28.630-07:00" expNo="10" name="2025_02_19_AcAc_CD2Cl2_Bruker500" owner="" procNo="1" source="D:/AutomationData/data/nmr/nmr">
      <PeakPickDetails>F1=20.876471ppm, F2=-8.526473ppm, MI=0.10cm, MAXI=10000.00cm, PC=1.000
      </PeakPickDetails>
    </PeakList1DHeader>
    <Peak1D F1="15.545057" intensity="4.584139e-01" type="0"/>
    <Peak1D F1="5.555177" intensity="2.456945e+00" type="0"/>
    <Peak1D F1="5.359653" intensity="1.601450e-01" type="0"/>
    <Peak1D F1="5.358311" intensity="1.588357e-01" type="0"/>
    <Peak1D F1="3.601364" intensity="1.021919e+00" type="0"/>
    <Peak1D F1="2.227652" intensity="3.619027e+00" type="0"/>
    <Peak1D F1="2.075362" intensity="2.452397e-01" type="0"/>
    <Peak1D F1="2.059770" intensity="1.500000e+01" type="0"/>
    <Peak1D F1="2.040646" intensity="1.823695e-01" type="0"/>
  </PeakList1D>
</PeakList>
