<?xml version="1.0" encoding="UTF-8"?>
<PeakList>
  <PeakList1D>
    <PeakList1DHeader creator="nmr" date="2025-02-19T16:15:32.741-07:00" expNo="10" name="2025_02_19_AcAc_10D2O_90H2O_Bruker500" owner="" procNo="1" source="D:/AutomationData/data/nmr/nmr">
      <PeakPickDetails>F1=12.894260ppm, F2=-3.494266ppm, MI=0.00cm, MAXI=10000.00cm, PC=1.000
      </PeakPickDetails>
    </PeakList1DHeader>
    <Peak1D F1="5.821238" intensity="5.017148e-03" type="0"/>
    <Peak1D F1="5.698555" intensity="1.140832e-03" type="0"/>
    <Peak1D F1="5.656508" intensity="1.086329e+00" type="0"/>
    <Peak1D F1="5.487771" intensity="8.135142e-03" type="0"/>
    <Peak1D F1="4.871757" intensity="5.640074e-04" type="0"/>
    <Peak1D F1="4.694887" intensity="7.656728e-02" type="0"/>
    <Peak1D F1="4.288016" intensity="7.832419e-04" type="0"/>
    <Peak1D F1="4.022991" intensity="7.448883e-04" type="0"/>
    <Peak1D F1="4.005097" intensity="7.405282e-04" type="0"/>
    <Peak1D F1="3.983106" intensity="1.110209e-03" type="0"/>
    <Peak1D F1="3.969164" intensity="1.263923e-03" type="0"/>
    <Peak1D F1="3.956590" intensity="1.273148e-03" type="0"/>
    <Peak1D F1="3.919408" intensity="1.995290e-03" type="0"/>
    <Peak1D F1="3.905291" intensity="4.781127e-02" type="0"/>
    <Peak1D F1="3.889559" intensity="2.687325e-03" type="0"/>
    <Peak1D F1="3.884527" intensity="4.628588e-03" type="0"/>
    <Peak1D F1="3.879515" intensity="5.041519e-03" type="0"/>
    <Peak1D F1="3.876450" intensity="4.621180e-03" type="0"/>
    <Peak1D F1="3.829009" intensity="7.524824e-03" type="0"/>
    <Peak1D F1="3.822958" intensity="9.002873e-03" type="0"/>
    <Peak1D F1="3.819981" intensity="1.092083e-02" type="0"/>
    <Peak1D F1="3.819024" intensity="1.088059e-02" type="0"/>
    <Peak1D F1="3.817992" intensity="1.087590e-02" type="0"/>
    <Peak1D F1="3.816976" intensity="1.115146e-02" type="0"/>
    <Peak1D F1="3.811869" intensity="1.706141e-02" type="0"/>
    <Peak1D F1="3.810901" intensity="1.836636e-02" type="0"/>
    <Peak1D F1="3.809869" intensity="1.959180e-02" type="0"/>
    <Peak1D F1="3.808876" intensity="2.142012e-02" type="0"/>
    <Peak1D F1="3.807875" intensity="2.280826e-02" type="0"/>
    <Peak1D F1="3.806888" intensity="2.429936e-02" type="0"/>
    <Peak1D F1="3.805874" intensity="2.615185e-02" type="0"/>
    <Peak1D F1="3.804906" intensity="2.755373e-02" type="0"/>
    <Peak1D F1="3.803895" intensity="2.905905e-02" type="0"/>
    <Peak1D F1="3.802891" intensity="3.085733e-02" type="0"/>
    <Peak1D F1="3.801893" intensity="3.265424e-02" type="0"/>
    <Peak1D F1="3.800873" intensity="3.452041e-02" type="0"/>
    <Peak1D F1="3.799849" intensity="3.720275e-02" type="0"/>
    <Peak1D F1="3.798829" intensity="3.991955e-02" type="0"/>
    <Peak1D F1="3.797821" intensity="4.346391e-02" type="0"/>
    <Peak1D F1="3.777321" intensity="7.631515e+00" type="0"/>
    <Peak1D F1="3.757058" intensity="3.212056e-01" type="0"/>
    <Peak1D F1="3.752540" intensity="3.684121e-01" type="0"/>
    <Peak1D F1="3.747983" intensity="3.161741e-01" type="0"/>
    <Peak1D F1="3.674926" intensity="1.149155e-03" type="0"/>
    <Peak1D F1="3.646410" intensity="3.478814e-02" type="0"/>
    <Peak1D F1="3.626444" intensity="1.600747e-03" type="0"/>
    <Peak1D F1="3.621498" intensity="1.654602e-03" type="0"/>
    <Peak1D F1="3.616580" intensity="1.464084e-03" type="0"/>
    <Peak1D F1="3.538624" intensity="1.325412e-03" type="0"/>
    <Peak1D F1="3.403422" intensity="1.435773e-03" type="0"/>
    <Peak1D F1="3.369158" intensity="5.639201e-04" type="0"/>
    <Peak1D F1="3.347270" intensity="1.284972e-03" type="0"/>
    <Peak1D F1="3.294082" intensity="1.091245e-03" type="0"/>
    <Peak1D F1="3.282807" intensity="1.330546e-03" type="0"/>
    <Peak1D F1="3.277718" intensity="6.285936e-03" type="0"/>
    <Peak1D F1="3.195159" intensity="6.018637e-04" type="0"/>
    <Peak1D F1="3.102798" intensity="5.928709e-04" type="0"/>
    <Peak1D F1="3.087832" intensity="6.649900e-04" type="0"/>
    <Peak1D F1="3.013295" intensity="7.872159e-04" type="0"/>
    <Peak1D F1="2.983197" intensity="6.564462e-04" type="0"/>
    <Peak1D F1="2.961173" intensity="6.090711e-04" type="0"/>
    <Peak1D F1="2.945246" intensity="5.366482e-04" type="0"/>
    <Peak1D F1="2.901721" intensity="8.290277e-04" type="0"/>
    <Peak1D F1="2.890744" intensity="7.803921e-04" type="0"/>
    <Peak1D F1="2.858225" intensity="4.462021e-02" type="0"/>
    <Peak1D F1="2.832656" intensity="3.168188e-03" type="0"/>
    <Peak1D F1="2.810429" intensity="6.983301e-04" type="0"/>
    <Peak1D F1="2.778227" intensity="8.298366e-04" type="0"/>
    <Peak1D F1="2.769198" intensity="2.361217e-03" type="0"/>
    <Peak1D F1="2.752319" intensity="9.695030e-04" type="0"/>
    <Peak1D F1="2.731984" intensity="1.042829e-03" type="0"/>
    <Peak1D F1="2.690538" intensity="2.611041e-03" type="0"/>
    <Peak1D F1="2.668725" intensity="7.592049e-03" type="0"/>
    <Peak1D F1="2.650738" intensity="1.699463e-03" type="0"/>
    <Peak1D F1="2.643788" intensity="1.629869e-03" type="0"/>
    <Peak1D F1="2.604144" intensity="1.808606e-03" type="0"/>
    <Peak1D F1="2.583161" intensity="1.535430e-03" type="0"/>
    <Peak1D F1="2.581078" intensity="1.203568e-03" type="0"/>
    <Peak1D F1="2.556137" intensity="2.423537e-03" type="0"/>
    <Peak1D F1="2.546241" intensity="3.330175e-03" type="0"/>
    <Peak1D F1="2.534064" intensity="1.901318e-03" type="0"/>
    <Peak1D F1="2.518350" intensity="2.186639e-03" type="0"/>
    <Peak1D F1="2.501383" intensity="1.831699e-03" type="0"/>
    <Peak1D F1="2.493647" intensity="2.100909e-03" type="0"/>
    <Peak1D F1="2.471625" intensity="1.844493e-03" type="0"/>
    <Peak1D F1="2.467623" intensity="2.436692e-03" type="0"/>
    <Peak1D F1="2.461657" intensity="2.163610e-03" type="0"/>
    <Peak1D F1="2.457675" intensity="1.719569e-03" type="0"/>
    <Peak1D F1="2.454648" intensity="1.891711e-03" type="0"/>
    <Peak1D F1="2.451609" intensity="1.979364e-03" type="0"/>
    <Peak1D F1="2.441654" intensity="2.125900e-03" type="0"/>
    <Peak1D F1="2.439618" intensity="1.824813e-03" type="0"/>
    <Peak1D F1="2.435505" intensity="2.659914e-03" type="0"/>
    <Peak1D F1="2.429632" intensity="2.523292e-03" type="0"/>
    <Peak1D F1="2.425483" intensity="2.586487e-03" type="0"/>
    <Peak1D F1="2.418619" intensity="2.121830e-03" type="0"/>
    <Peak1D F1="2.383835" intensity="5.766786e-03" type="0"/>
    <Peak1D F1="2.373159" intensity="4.269760e-03" type="0"/>
    <Peak1D F1="2.370103" intensity="3.514499e-03" type="0"/>
    <Peak1D F1="2.368099" intensity="3.753046e-03" type="0"/>
    <Peak1D F1="2.366091" intensity="3.272450e-03" type="0"/>
    <Peak1D F1="2.364094" intensity="3.341848e-03" type="0"/>
    <Peak1D F1="2.362054" intensity="4.015299e-03" type="0"/>
    <Peak1D F1="2.361051" intensity="4.307755e-03" type="0"/>
    <Peak1D F1="2.360136" intensity="4.325520e-03" type="0"/>
    <Peak1D F1="2.356240" intensity="6.552248e-03" type="0"/>
    <Peak1D F1="2.353105" intensity="4.149766e-03" type="0"/>
    <Peak1D F1="2.352098" intensity="3.776522e-03" type="0"/>
    <Peak1D F1="2.351104" intensity="3.892983e-03" type="0"/>
    <Peak1D F1="2.349118" intensity="4.367898e-03" type="0"/>
    <Peak1D F1="2.348073" intensity="4.065464e-03" type="0"/>
    <Peak1D F1="2.347120" intensity="4.284945e-03" type="0"/>
    <Peak1D F1="2.346093" intensity="4.106605e-03" type="0"/>
    <Peak1D F1="2.345122" intensity="3.877518e-03" type="0"/>
    <Peak1D F1="2.344069" intensity="4.133275e-03" type="0"/>
    <Peak1D F1="2.343105" intensity="4.178677e-03" type="0"/>
    <Peak1D F1="2.342129" intensity="3.917740e-03" type="0"/>
    <Peak1D F1="2.341078" intensity="3.992473e-03" type="0"/>
    <Peak1D F1="2.340091" intensity="3.944975e-03" type="0"/>
    <Peak1D F1="2.339086" intensity="4.015555e-03" type="0"/>
    <Peak1D F1="2.338029" intensity="4.420547e-03" type="0"/>
    <Peak1D F1="2.337125" intensity="4.591298e-03" type="0"/>
    <Peak1D F1="2.336050" intensity="4.467564e-03" type="0"/>
    <Peak1D F1="2.335067" intensity="4.946993e-03" type="0"/>
    <Peak1D F1="2.334055" intensity="4.869165e-03" type="0"/>
    <Peak1D F1="2.333127" intensity="5.052744e-03" type="0"/>
    <Peak1D F1="2.332072" intensity="4.992829e-03" type="0"/>
    <Peak1D F1="2.331073" intensity="5.050120e-03" type="0"/>
    <Peak1D F1="2.330055" intensity="5.327754e-03" type="0"/>
    <Peak1D F1="2.328061" intensity="5.945065e-03" type="0"/>
    <Peak1D F1="2.327009" intensity="6.218406e-03" type="0"/>
    <Peak1D F1="2.319265" intensity="9.953640e-02" type="0"/>
    <Peak1D F1="2.287676" intensity="7.704141e-03" type="0"/>
    <Peak1D F1="2.283684" intensity="7.722450e-03" type="0"/>
    <Peak1D F1="2.279518" intensity="7.961231e-03" type="0"/>
    <Peak1D F1="2.277528" intensity="8.762565e-03" type="0"/>
    <Peak1D F1="2.275498" intensity="9.854777e-03" type="0"/>
    <Peak1D F1="2.272363" intensity="1.818731e-02" type="0"/>
    <Peak1D F1="2.269692" intensity="1.230077e-02" type="0"/>
    <Peak1D F1="2.268667" intensity="1.119024e-02" type="0"/>
    <Peak1D F1="2.267558" intensity="1.108943e-02" type="0"/>
    <Peak1D F1="2.266602" intensity="1.116554e-02" type="0"/>
    <Peak1D F1="2.265584" intensity="1.094981e-02" type="0"/>
    <Peak1D F1="2.264475" intensity="1.153881e-02" type="0"/>
    <Peak1D F1="2.263520" intensity="1.249862e-02" type="0"/>
    <Peak1D F1="2.262582" intensity="1.266957e-02" type="0"/>
    <Peak1D F1="2.261523" intensity="1.311406e-02" type="0"/>
    <Peak1D F1="2.260540" intensity="1.368694e-02" type="0"/>
    <Peak1D F1="2.259555" intensity="1.385201e-02" type="0"/>
    <Peak1D F1="2.258565" intensity="1.426002e-02" type="0"/>
    <Peak1D F1="2.257506" intensity="1.451323e-02" type="0"/>
    <Peak1D F1="2.256493" intensity="1.560388e-02" type="0"/>
    <Peak1D F1="2.255543" intensity="1.652901e-02" type="0"/>
    <Peak1D F1="2.254587" intensity="1.667717e-02" type="0"/>
    <Peak1D F1="2.253617" intensity="1.629123e-02" type="0"/>
    <Peak1D F1="2.252609" intensity="1.564293e-02" type="0"/>
    <Peak1D F1="2.251562" intensity="1.526962e-02" type="0"/>
    <Peak1D F1="2.250477" intensity="1.587939e-02" type="0"/>
    <Peak1D F1="2.247609" intensity="2.388050e-02" type="0"/>
    <Peak1D F1="2.246729" intensity="2.181804e-02" type="0"/>
    <Peak1D F1="2.245651" intensity="1.962041e-02" type="0"/>
    <Peak1D F1="2.244576" intensity="1.862108e-02" type="0"/>
    <Peak1D F1="2.243541" intensity="1.922710e-02" type="0"/>
    <Peak1D F1="2.242586" intensity="1.948561e-02" type="0"/>
    <Peak1D F1="2.241592" intensity="1.911497e-02" type="0"/>
    <Peak1D F1="2.240615" intensity="1.822716e-02" type="0"/>
    <Peak1D F1="2.239583" intensity="1.780638e-02" type="0"/>
    <Peak1D F1="2.238546" intensity="1.796277e-02" type="0"/>
    <Peak1D F1="2.237561" intensity="1.808801e-02" type="0"/>
    <Peak1D F1="2.236536" intensity="1.865210e-02" type="0"/>
    <Peak1D F1="2.235504" intensity="1.984384e-02" type="0"/>
    <Peak1D F1="2.234544" intensity="2.104266e-02" type="0"/>
    <Peak1D F1="2.233629" intensity="2.058205e-02" type="0"/>
    <Peak1D F1="2.232583" intensity="1.925362e-02" type="0"/>
    <Peak1D F1="2.231469" intensity="2.034595e-02" type="0"/>
    <Peak1D F1="2.230459" intensity="2.319923e-02" type="0"/>
    <Peak1D F1="2.229470" intensity="2.570572e-02" type="0"/>
    <Peak1D F1="2.228459" intensity="2.806425e-02" type="0"/>
    <Peak1D F1="2.227473" intensity="3.063729e-02" type="0"/>
    <Peak1D F1="2.226493" intensity="3.281440e-02" type="0"/>
    <Peak1D F1="2.225471" intensity="3.486161e-02" type="0"/>
    <Peak1D F1="2.224457" intensity="3.781329e-02" type="0"/>
    <Peak1D F1="2.222352" intensity="4.937705e-02" type="0"/>
    <Peak1D F1="2.221577" intensity="5.224133e-02" type="0"/>
    <Peak1D F1="2.220656" intensity="4.965086e-02" type="0"/>
    <Peak1D F1="2.219547" intensity="4.896129e-02" type="0"/>
    <Peak1D F1="2.218481" intensity="5.020148e-02" type="0"/>
    <Peak1D F1="2.217489" intensity="5.297514e-02" type="0"/>
    <Peak1D F1="2.216471" intensity="5.541469e-02" type="0"/>
    <Peak1D F1="2.215435" intensity="5.888757e-02" type="0"/>
    <Peak1D F1="2.214363" intensity="6.433580e-02" type="0"/>
    <Peak1D F1="2.213356" intensity="7.143387e-02" type="0"/>
    <Peak1D F1="2.212430" intensity="7.743374e-02" type="0"/>
    <Peak1D F1="2.211423" intensity="8.174161e-02" type="0"/>
    <Peak1D F1="2.210380" intensity="8.760990e-02" type="0"/>
    <Peak1D F1="2.192620" intensity="1.500000e+01" type="0"/>
    <Peak1D F1="2.177368" intensity="8.516812e-02" type="0"/>
    <Peak1D F1="2.172591" intensity="6.600075e-02" type="0"/>
    <Peak1D F1="2.166676" intensity="3.588060e-03" type="0"/>
    <Peak1D F1="2.165582" intensity="1.948023e-03" type="0"/>
    <Peak1D F1="2.154436" intensity="1.905549e-03" type="0"/>
    <Peak1D F1="2.153445" intensity="4.194675e-03" type="0"/>
    <Peak1D F1="2.152555" intensity="5.296392e-03" type="0"/>
    <Peak1D F1="2.151564" intensity="4.489369e-03" type="0"/>
    <Peak1D F1="2.147549" intensity="6.913137e-02" type="0"/>
    <Peak1D F1="2.143670" intensity="1.133839e-02" type="0"/>
    <Peak1D F1="2.141730" intensity="3.956005e-03" type="0"/>
    <Peak1D F1="2.131510" intensity="1.502063e-03" type="0"/>
    <Peak1D F1="2.130449" intensity="2.342203e-03" type="0"/>
    <Peak1D F1="2.129488" intensity="3.499252e-03" type="0"/>
    <Peak1D F1="2.128531" intensity="4.172407e-03" type="0"/>
    <Peak1D F1="2.127531" intensity="3.750958e-03" type="0"/>
    <Peak1D F1="2.126377" intensity="4.767275e-03" type="0"/>
    <Peak1D F1="2.123717" intensity="2.030432e-02" type="0"/>
    <Peak1D F1="2.120670" intensity="3.406574e-03" type="0"/>
    <Peak1D F1="2.119583" intensity="2.288349e-03" type="0"/>
    <Peak1D F1="2.118564" intensity="1.770456e-03" type="0"/>
    <Peak1D F1="2.117562" intensity="1.281485e-03" type="0"/>
    <Peak1D F1="2.111527" intensity="1.135061e-03" type="0"/>
    <Peak1D F1="2.110520" intensity="1.167911e-03" type="0"/>
    <Peak1D F1="2.109504" intensity="1.089730e-03" type="0"/>
    <Peak1D F1="2.107538" intensity="2.900526e-03" type="0"/>
    <Peak1D F1="2.106668" intensity="2.049642e-03" type="0"/>
    <Peak1D F1="2.105563" intensity="1.076549e-03" type="0"/>
    <Peak1D F1="2.100457" intensity="8.475999e-04" type="0"/>
    <Peak1D F1="2.099463" intensity="1.270265e-03" type="0"/>
    <Peak1D F1="2.098430" intensity="1.817796e-03" type="0"/>
    <Peak1D F1="2.087605" intensity="1.084702e-03" type="0"/>
    <Peak1D F1="2.062358" intensity="8.477246e-02" type="0"/>
    <Peak1D F1="2.051083" intensity="3.478213e-03" type="0"/>
    <Peak1D F1="2.047041" intensity="3.422973e-03" type="0"/>
    <Peak1D F1="2.044988" intensity="3.272398e-03" type="0"/>
    <Peak1D F1="2.042940" intensity="3.822405e-03" type="0"/>
    <Peak1D F1="2.042046" intensity="3.879518e-03" type="0"/>
    <Peak1D F1="2.041032" intensity="3.517306e-03" type="0"/>
    <Peak1D F1="2.039943" intensity="4.144850e-03" type="0"/>
    <Peak1D F1="2.039061" intensity="4.117312e-03" type="0"/>
    <Peak1D F1="2.035921" intensity="4.059464e-03" type="0"/>
    <Peak1D F1="2.034946" intensity="4.561097e-03" type="0"/>
    <Peak1D F1="2.032946" intensity="6.056838e-03" type="0"/>
    <Peak1D F1="2.031983" intensity="6.290832e-03" type="0"/>
    <Peak1D F1="2.030922" intensity="6.933088e-03" type="0"/>
    <Peak1D F1="2.029966" intensity="7.236808e-03" type="0"/>
    <Peak1D F1="2.028937" intensity="7.631915e-03" type="0"/>
    <Peak1D F1="2.027956" intensity="8.171023e-03" type="0"/>
    <Peak1D F1="2.026912" intensity="8.762908e-03" type="0"/>
    <Peak1D F1="2.025916" intensity="9.388522e-03" type="0"/>
    <Peak1D F1="2.024923" intensity="9.995698e-03" type="0"/>
    <Peak1D F1="2.023950" intensity="1.081332e-02" type="0"/>
    <Peak1D F1="2.021943" intensity="1.236247e-02" type="0"/>
    <Peak1D F1="2.019892" intensity="1.393777e-02" type="0"/>
    <Peak1D F1="2.017859" intensity="1.717710e-02" type="0"/>
    <Peak1D F1="1.997447" intensity="4.169267e+00" type="0"/>
    <Peak1D F1="1.983450" intensity="2.729857e-02" type="0"/>
    <Peak1D F1="1.978455" intensity="1.764189e-02" type="0"/>
    <Peak1D F1="1.867328" intensity="2.274685e-02" type="0"/>
    <Peak1D F1="1.810965" intensity="8.402722e-04" type="0"/>
    <Peak1D F1="1.796599" intensity="8.713416e-04" type="0"/>
    <Peak1D F1="1.744349" intensity="1.269097e-03" type="0"/>
    <Peak1D F1="1.715314" intensity="1.027167e-03" type="0"/>
    <Peak1D F1="1.695419" intensity="1.484103e-03" type="0"/>
    <Peak1D F1="1.682515" intensity="8.254482e-04" type="0"/>
    <Peak1D F1="1.648967" intensity="1.496904e-03" type="0"/>
    <Peak1D F1="1.621933" intensity="6.812802e-04" type="0"/>
    <Peak1D F1="1.612913" intensity="1.162979e-03" type="0"/>
    <Peak1D F1="1.607866" intensity="1.122610e-03" type="0"/>
    <Peak1D F1="1.592931" intensity="1.551753e-03" type="0"/>
    <Peak1D F1="1.581401" intensity="1.201956e-02" type="0"/>
    <Peak1D F1="1.576903" intensity="1.217086e-02" type="0"/>
    <Peak1D F1="1.572509" intensity="1.101755e-02" type="0"/>
    <Peak1D F1="1.543896" intensity="1.126093e-03" type="0"/>
    <Peak1D F1="1.500726" intensity="2.526646e-02" type="0"/>
    <Peak1D F1="1.488268" intensity="2.649628e-03" type="0"/>
    <Peak1D F1="1.481418" intensity="1.773695e-03" type="0"/>
    <Peak1D F1="1.467409" intensity="1.510561e-03" type="0"/>
    <Peak1D F1="1.459729" intensity="1.511637e-03" type="0"/>
    <Peak1D F1="1.439848" intensity="1.096848e-03" type="0"/>
    <Peak1D F1="1.418763" intensity="2.697711e-03" type="0"/>
    <Peak1D F1="1.404040" intensity="3.508978e-03" type="0"/>
    <Peak1D F1="1.395435" intensity="9.543988e-03" type="0"/>
    <Peak1D F1="1.381451" intensity="8.576228e-02" type="0"/>
    <Peak1D F1="1.341297" intensity="1.716155e-03" type="0"/>
    <Peak1D F1="1.315714" intensity="2.185647e-03" type="0"/>
    <Peak1D F1="1.306312" intensity="1.922934e-03" type="0"/>
    <Peak1D F1="1.290429" intensity="4.631510e-03" type="0"/>
    <Peak1D F1="1.280772" intensity="3.897775e-03" type="0"/>
    <Peak1D F1="1.260366" intensity="1.473025e-03" type="0"/>
    <Peak1D F1="1.241313" intensity="7.375161e-04" type="0"/>
    <Peak1D F1="1.202754" intensity="2.382389e-03" type="0"/>
    <Peak1D F1="1.174905" intensity="1.023328e-03" type="0"/>
    <Peak1D F1="1.162678" intensity="4.137779e-03" type="0"/>
    <Peak1D F1="1.139363" intensity="6.683242e-04" type="0"/>
    <Peak1D F1="1.122744" intensity="2.938401e-03" type="0"/>
    <Peak1D F1="1.098370" intensity="7.951626e-04" type="0"/>
    <Peak1D F1="1.084117" intensity="1.077484e-03" type="0"/>
    <Peak1D F1="1.064165" intensity="7.698972e-04" type="0"/>
    <Peak1D F1="1.055145" intensity="5.451223e-04" type="0"/>
    <Peak1D F1="1.007946" intensity="1.029356e-03" type="0"/>
    <Peak1D F1="0.989203" intensity="1.000605e-03" type="0"/>
    <Peak1D F1="0.967635" intensity="1.030580e-03" type="0"/>
    <Peak1D F1="0.942295" intensity="7.297604e-04" type="0"/>
    <Peak1D F1="0.927129" intensity="1.467266e-03" type="0"/>
    <Peak1D F1="0.917252" intensity="1.008463e-03" type="0"/>
    <Peak1D F1="0.913045" intensity="1.031199e-03" type="0"/>
    <Peak1D F1="0.902759" intensity="6.498967e-04" type="0"/>
    <Peak1D F1="0.063530" intensity="5.250091e-04" type="0"/>
    <Peak1D F1="-0.073639" intensity="7.282131e-04" type="0"/>
  </PeakList1D>
</PeakList>
