<?xml version="1.0" encoding="UTF-8"?>
<PeakList>
  <PeakList1D>
    <PeakList1DHeader creator="nmr" date="2025-02-19T13:36:00.410-07:00" expNo="10" name="2025_02_19_AcAc_CDCl3_Bruker500" owner="" procNo="1" source="D:/AutomationData/data/nmr/nmr">
      <PeakPickDetails>F1=20.868389ppm, F2=-8.534554ppm, MI=0.10cm, MAXI=10000.00cm, PC=1.000
      </PeakPickDetails>
    </PeakList1DHeader>
    <Peak1D F1="7.276305" intensity="1.921274e-01" type="0"/>
    <Peak1D F1="5.505236" intensity="2.473985e+00" type="0"/>
    <Peak1D F1="3.594395" intensity="6.535525e-01" type="0"/>
    <Peak1D F1="2.243248" intensity="2.380628e+00" type="0"/>
    <Peak1D F1="2.047661" intensity="1.500000e+01" type="0"/>
    <Peak1D F1="-0.000231" intensity="4.649633e-01" type="0"/>
  </PeakList1D>
</PeakList>
