<?xml version="1.0" encoding="UTF-8"?>
<PeakList>
  <PeakList1D>
    <PeakList1DHeader creator="nmr" date="2025-02-19T14:01:54.612-07:00" expNo="10" name="2025_02_19_AcAc_Methanol_Bruker500" owner="" procNo="1" source="D:/AutomationData/data/nmr/nmr">
      <PeakPickDetails>F1=20.852859ppm, F2=-8.550083ppm, MI=0.10cm, MAXI=10000.00cm, PC=1.000
      </PeakPickDetails>
    </PeakList1DHeader>
    <Peak1D F1="4.828923" intensity="4.273688e+00" type="0"/>
    <Peak1D F1="3.920864" intensity="1.042686e-01" type="0"/>
    <Peak1D F1="3.308382" intensity="7.552333e-01" type="0"/>
    <Peak1D F1="3.305521" intensity="9.675278e-01" type="0"/>
    <Peak1D F1="3.302716" intensity="6.948617e-01" type="0"/>
    <Peak1D F1="2.235929" intensity="6.673802e-01" type="0"/>
    <Peak1D F1="2.187284" intensity="7.025080e+00" type="0"/>
    <Peak1D F1="2.183442" intensity="8.404312e+00" type="0"/>
    <Peak1D F1="2.170920" intensity="1.515537e-01" type="0"/>
    <Peak1D F1="2.150366" intensity="7.860749e-01" type="0"/>
    <Peak1D F1="2.024202" intensity="1.500000e+01" type="0"/>
    <Peak1D F1="2.008947" intensity="1.574015e-01" type="0"/>
    <Peak1D F1="1.323032" intensity="7.626554e+00" type="0"/>
    <Peak1D F1="1.154543" intensity="1.104342e+00" type="0"/>
    <Peak1D F1="1.142211" intensity="1.085878e+00" type="0"/>
    <Peak1D F1="-0.000225" intensity="9.448238e-01" type="0"/>
  </PeakList1D>
</PeakList>
