<?xml version="1.0" encoding="UTF-8"?>
<PeakList>
  <PeakList1D>
    <PeakList1DHeader creator="nmr" date="2025-02-19T13:48:26.557-07:00" expNo="10" name="2025_02_19_AcAc_DMSO_Bruker500" owner="" procNo="1" source="D:/AutomationData/data/nmr/nmr">
      <PeakPickDetails>F1=20.871531ppm, F2=-8.531413ppm, MI=0.10cm, MAXI=10000.00cm, PC=1.000
      </PeakPickDetails>
    </PeakList1DHeader>
    <Peak1D F1="5.686293" intensity="2.462516e+00" type="0"/>
    <Peak1D F1="3.685948" intensity="2.867134e+00" type="0"/>
    <Peak1D F1="2.506762" intensity="3.646514e-01" type="0"/>
    <Peak1D F1="2.503473" intensity="4.797023e-01" type="0"/>
    <Peak1D F1="2.500243" intensity="3.592138e-01" type="0"/>
    <Peak1D F1="2.150947" intensity="1.395700e-01" type="0"/>
    <Peak1D F1="2.135468" intensity="1.027684e+01" type="0"/>
    <Peak1D F1="2.025243" intensity="1.500000e+01" type="0"/>
    <Peak1D F1="2.006445" intensity="1.796206e-01" type="0"/>
    <Peak1D F1="-0.000221" intensity="1.107400e-01" type="0"/>
  </PeakList1D>
</PeakList>
