<?xml version="1.0" encoding="UTF-8"?>
<PeakList>
  <PeakList1D>
    <PeakList1DHeader creator="nmr" date="2025-02-19T15:46:36.880-07:00" expNo="10" name="2025_02_19_AcAc_D2O_Bruker500" owner="" procNo="1" source="D:/AutomationData/data/nmr/nmr">
      <PeakPickDetails>F1=20.876471ppm, F2=-8.526473ppm, MI=0.10cm, MAXI=10000.00cm, PC=1.000
      </PeakPickDetails>
    </PeakList1DHeader>
    <Peak1D F1="4.702315" intensity="2.412093e+01" type="0"/>
    <Peak1D F1="4.685047" intensity="1.317509e-01" type="0"/>
    <Peak1D F1="4.681290" intensity="1.115892e-01" type="0"/>
    <Peak1D F1="2.202372" intensity="1.500000e+01" type="0"/>
    <Peak1D F1="2.191073" intensity="7.636189e-01" type="0"/>
    <Peak1D F1="2.186707" intensity="7.687713e-01" type="0"/>
    <Peak1D F1="2.182221" intensity="7.076334e-01" type="0"/>
    <Peak1D F1="2.003490" intensity="2.489715e+00" type="0"/>
    <Peak1D F1="1.993187" intensity="1.411752e-01" type="0"/>
    <Peak1D F1="1.988669" intensity="1.406900e-01" type="0"/>
    <Peak1D F1="1.984387" intensity="1.130244e-01" type="0"/>
  </PeakList1D>
</PeakList>
