<?xml version="1.0" encoding="UTF-8"?>
<PeakList>
  <PeakList1D>
    <PeakList1DHeader creator="nmr" date="2025-02-19T14:43:35.764-07:00" expNo="10" name="2025_02_19_AcAc_Pyridine_Bruker500" owner="" procNo="1" source="D:/AutomationData/data/nmr/nmr">
      <PeakPickDetails>F1=20.900400ppm, F2=-8.502544ppm, MI=0.10cm, MAXI=10000.00cm, PC=1.000
      </PeakPickDetails>
    </PeakList1DHeader>
    <Peak1D F1="8.727881" intensity="1.159166e+00" type="0"/>
    <Peak1D F1="7.581221" intensity="5.619820e-01" type="0"/>
    <Peak1D F1="7.213710" intensity="1.237455e+00" type="0"/>
    <Peak1D F1="5.463126" intensity="1.318550e-01" type="0"/>
    <Peak1D F1="5.453445" intensity="1.574019e-01" type="0"/>
    <Peak1D F1="5.436025" intensity="2.407423e+00" type="0"/>
    <Peak1D F1="3.730385" intensity="1.192644e+00" type="0"/>
    <Peak1D F1="2.187238" intensity="2.340253e-01" type="0"/>
    <Peak1D F1="2.177394" intensity="2.700088e-01" type="0"/>
    <Peak1D F1="2.159997" intensity="4.018250e+00" type="0"/>
    <Peak1D F1="2.150494" intensity="2.393678e-01" type="0"/>
    <Peak1D F1="2.138685" intensity="3.442273e-01" type="0"/>
    <Peak1D F1="2.060143" intensity="1.032411e-01" type="0"/>
    <Peak1D F1="1.986469" intensity="1.652037e-01" type="0"/>
    <Peak1D F1="1.961813" intensity="8.516894e-01" type="0"/>
    <Peak1D F1="1.952021" intensity="9.746562e-01" type="0"/>
    <Peak1D F1="1.934646" intensity="1.500000e+01" type="0"/>
    <Peak1D F1="1.925214" intensity="8.957856e-01" type="0"/>
    <Peak1D F1="1.911618" intensity="2.246871e-01" type="0"/>
    <Peak1D F1="1.895629" intensity="2.747725e-01" type="0"/>
    <Peak1D F1="1.891767" intensity="2.294755e-01" type="0"/>
    <Peak1D F1="1.859882" intensity="1.063159e-01" type="0"/>
    <Peak1D F1="1.830180" intensity="1.072761e-01" type="0"/>
    <Peak1D F1="1.805140" intensity="1.108076e-01" type="0"/>
    <Peak1D F1="-0.000222" intensity="5.197614e-01" type="0"/>
  </PeakList1D>
</PeakList>
