<?xml version="1.0" encoding="UTF-8"?>
<PeakList>
  <PeakList1D>
    <PeakList1DHeader creator="nmr" date="2025-02-19T16:08:54.431-07:00" expNo="10" name="2025_02_19_AcAc_Toluene_Bruker500" owner="" procNo="1" source="D:/AutomationData/data/nmr/nmr">
      <PeakPickDetails>F1=20.876471ppm, F2=-8.526473ppm, MI=0.10cm, MAXI=10000.00cm, PC=1.000
      </PeakPickDetails>
    </PeakList1DHeader>
    <Peak1D F1="16.070576" intensity="3.183658e-01" type="0"/>
    <Peak1D F1="7.132782" intensity="6.184918e-01" type="0"/>
    <Peak1D F1="7.051158" intensity="3.078988e-01" type="0"/>
    <Peak1D F1="7.013770" intensity="7.688428e-01" type="0"/>
    <Peak1D F1="4.987790" intensity="2.444483e+00" type="0"/>
    <Peak1D F1="2.823245" intensity="3.560625e-01" type="0"/>
    <Peak1D F1="2.134926" intensity="2.796579e-01" type="0"/>
    <Peak1D F1="2.130606" intensity="5.175850e-01" type="0"/>
    <Peak1D F1="2.126276" intensity="7.040939e-01" type="0"/>
    <Peak1D F1="2.121910" intensity="4.874085e-01" type="0"/>
    <Peak1D F1="2.117671" intensity="2.480465e-01" type="0"/>
    <Peak1D F1="1.689606" intensity="1.292406e+00" type="0"/>
    <Peak1D F1="1.642999" intensity="1.500000e+01" type="0"/>
  </PeakList1D>
</PeakList>
