<?xml version="1.0" encoding="UTF-8"?>
<PeakList>
  <PeakList1D>
    <PeakList1DHeader creator="nmr" date="2025-02-19T13:14:28.148-07:00" expNo="10" name="2025_02_19_AcAc_Benzene_Bruker500" owner="" procNo="1" source="D:/AutomationData/data/nmr/nmr">
      <PeakPickDetails>F1=20.884781ppm, F2=-8.518163ppm, MI=0.10cm, MAXI=10000.00cm, PC=1.000
      </PeakPickDetails>
    </PeakList1DHeader>
    <Peak1D F1="16.153645" intensity="2.179312e-01" type="0"/>
    <Peak1D F1="7.160221" intensity="1.135345e+00" type="0"/>
    <Peak1D F1="4.947998" intensity="2.470314e+00" type="0"/>
    <Peak1D F1="2.807377" intensity="4.460078e-01" type="0"/>
    <Peak1D F1="1.649385" intensity="1.597076e+00" type="0"/>
    <Peak1D F1="1.597445" intensity="1.500000e+01" type="0"/>
    <Peak1D F1="-0.000226" intensity="4.863195e-01" type="0"/>
  </PeakList1D>
</PeakList>
